indice_tiempo,ing_corr_2017,ing_corr_ing_tributarios_2017,ing_corr_aportes_contrib_seg_soc_2017,ing_corr_ing_no_tributarios_2017,ing_corr_ventas_bs_ser_adm_pub_2017,ing_corr_ing_operacion_2017,ing_corr_ren_prop_ren_percidas_bcra_2017,ing_corr_ren_prop_ren_pubs_percidas_fgs_ots_2017,ing_corr_ren_prop_ren_prop_netas_2017,ing_corr_transf_corr_2017,ing_corr_ots_ing_2017,gtos_corr_2017,gtos_corr_gtos_cons_operacion_remuneraciones_2017,gtos_corr_gtos_cons_operacion_bienes_servicios_2017,gtos_corr_gtos_cons_operacion_ots_gtos_2017,gtos_corr_int_ot_ren_prop_int_mon_loc_2017,gtos_corr_int_ot_ren_prop_int_mon_extra_2017,gtos_corr_int_ot_ren_prop_int_pag_intra_stor_pub_2017,gtos_corr_int_ot_ren_prop_int_netos_2017,gtos_corr_int_ot_ren_prop_ot_ren_2017,gtos_corr_prestaciones_seg_soc_2017,gtos_corr_ots_gtos_corr_2017,gtos_corr_transf_corr_sec_priv_total_sec_priv_2017,gtos_corr_transf_corr_sect_pub_caba_total_caba_2017,gtos_corr_transf_corr_sec_pub_uni_2017,gtos_corr_transf_corr_sec_pub_ot_2017,gtos_corr_transf_corr_sec_ext_2017,gtos_corr_ots_gtos_2017,gtos_corr_deficit_operativo_empresas_pub_2017,resultado_economico_ahorro_desahorro_2017,recursos_cap_total_recursos_cap_2017,gtos_cap_2017,gtos_cap_inversion_real_directa_2017,gtos_cap_transf_cap_prov_caba_total_prov_caba_2017,gtos_cap_transf_cap_ot_2017,gtos_cap_inversion_fin_prov_caba_2017,gtos_cap_resto_2017,ing_antes_figurativos_2017,gtos_antes_figurativos_2017,resultado_fin_antes_figurativos_2017,contrib_figurat_tesoro_nacional_2017,contrib_figurat_recursos_afectados_2017,contrib_figurat_org_descentralizados_2017,contrib_figurat_inst_seg_soc_2017,contrib_figurat_pami_fdos_fidu_ots_2017,gtos_figurativos_2017,ing_despues_figurativos_2017,gtos_despues_figurativos_2017,gtos_primarios_despues_figurativos_2017,superavit_primario_2017,resultado_fin_2017,ftes_fin_dis_inv_fin_2017,ftes_fin_end_pub_incr_ot_pasiv_end_mon_loc_2017,ftes_fin_end_pub_incr_ot_pasiv_end_mon_extra_2017,ftes_fin_end_pub_incr_ot_pasiv_incr_ot_pasiv_2017,ftes_fin_contrib_figurat_para_ap_fin_2017,ap_fin_cinv_fin_2017,ap_fin_amort_deu_dism_ots_pasiv_amort_mon_loc_2017,ap_fin_amort_deu_dism_ots_pasiv_amort_mon_extra_2017,ap_fin_amort_deu_dism_ots_pasiv_dis_ots_pasiv_2017,ap_fin_gtos_figurat_para_aplic_fin_2017
2015-01-01,85193.40000000002,48444.2,33621.9,1601.1000000000001,346.6,0.0,0.0,3351.1000000000004,1146.2000000000003,33.400000000000006,0.0,79919.7,11758.4,5551.1,0.0,641.8,7934.7,3255.0,8576.499999999998,0.0,35679.3,7.3,12611.9,1891.5,3619.4,140.6000000000002,79.20000000000002,4.5,0.0,5273.700000000026,1.7,10442.699999999999,3010.3,4848.699999999999,2094.1000000000004,0.0,489.6,85195.10000000002,90362.4,-5167.299999999974,9555.0,7.600000000000023,17.4,7388.4,252.6,25909.7,102416.10000000002,116272.09999999999,107695.59999999999,-5279.499999999971,-13855.99999999997,25058.699999999997,44100.0,8.8,16466.1,120.4,55488.0,11675.1,2961.7,1748.9,120.4
2015-02-01,72319.8,44920.2,25091.7,1342.3,278.6,0.0,0.0,1577.8,672.9999999999999,14.0,0.0,71314.6,10881.5,3915.7,0.09999999999999998,883.2000000000003,308.8,1583.1,1192.0000000000002,0.09999999999999998,33837.9,5.7,16397.8,1541.8999999999999,3329.1000000000004,115.79999999999981,87.2,9.8,0.0,1005.1999999999971,3.6000000000000005,7973.5,2485.3,4163.2,1309.1000000000001,0.0,15.900000000000002,72323.40000000001,79288.1,-6964.699999999997,11000.2,1.1000000000000014,80.30000000000001,5478.200000000001,330.0,25840.0,89213.20000000001,105128.1,103936.1,-14722.899999999994,-15914.899999999994,19369.3,17560.6,861.3000000000001,0.0,155.2,5643.3,6407.8,2174.1,7645.799999999999,155.2
2015-03-01,69844.4,41744.399999999994,25082.7,1422.3000000000002,373.6,0.0,0.0,4750.3,1177.3999999999999,44.0,0.0,79189.89999999998,10724.499999999998,4021.5,0.0,2674.3999999999996,2965.2,4755.1,5639.599999999999,0.2,37290.49999999999,2.4000000000000004,15825.5,2130.6,3344.9,116.39999999999972,90.3,3.5,0.0,-9345.499999999985,1.9000000000000008,9249.9,3200.4,5117.4,510.59999999999997,0.0,421.5,69846.29999999999,88439.79999999997,-18593.499999999985,11725.0,219.20000000000002,204.79999999999998,6013.599999999999,330.0,27612.199999999997,88338.9,116051.99999999997,110412.39999999998,-22073.499999999985,-27713.099999999977,27925.4,37035.6,2621.4,0.0,269.1,12337.6,15884.3,3577.7999999999997,8064.799999999999,269.1
2015-04-01,86382.40000000001,53937.5,27770.5,2071.8,448.0,0.0,0.0,637.4,2062.5000000000005,92.10000000000001,0.0,85207.2,10542.099999999999,4112.700000000001,0.0,468.4,4508.8,460.1,4977.2,0.4,39159.59999999999,0.7,20569.4,2056.0,3409.0,198.79999999999973,180.1,1.2,0.0,1175.2000000000116,2.0000000000000013,14342.899999999998,2502.0999999999995,6719.0,813.4000000000002,0.0,4308.4,86384.40000000001,99550.09999999999,-13165.699999999983,11868.100000000002,6.100000000000001,30.300000000000004,6139.1,294.9,29743.9,104722.90000000001,129294.0,124316.8,-19593.899999999994,-24571.09999999999,23419.9,21463.2,18130.1,4494.0,220.0,22392.8,11313.9,7420.799999999999,1985.9,220.0
2015-05-01,89898.4,61937.399999999994,25846.600000000002,1575.0,293.4,0.0,12000.0,0.0,177.50000000000017,68.5,0.0,87209.7,11389.1,4334.099999999999,0.09999999999999998,2754.8,6297.0,5.6,9051.800000000001,0.0,40378.1,0.8999999999999999,17176.3,1683.5,2989.3999999999996,138.70000000000044,63.1,4.6,0.0,2688.699999999997,91.4,9935.300000000001,2474.8,6364.2,1086.1000000000004,0.0,10.2,89989.79999999999,97145.0,-7155.200000000012,10959.400000000001,39.4,54.10000000000001,6911.800000000001,297.6,27533.0,108252.09999999999,124678.0,115626.2,-7374.100000000006,-16425.90000000001,11776.4,25900.0,3183.1,2900.9,205.4,13939.0,16522.0,6459.1,2408.7999999999997,205.4
2015-06-01,106073.40000000001,66788.9,27630.6,9845.100000000002,387.5,0.0,13000.0,8729.800000000001,1404.6,16.700000000000003,0.0,111290.29999999999,12469.300000000001,5228.5,0.09999999999999998,3171.0999999999995,7618.400000000001,8513.9,10789.5,0.30000000000000004,57662.5,1.0999999999999999,20027.6,1690.3,3154.8,128.40000000000106,133.9,4.0,0.0,-5216.89999999998,27.299999999999997,14777.699999999999,2686.0,7688.799999999999,1068.5999999999997,0.0,3334.2999999999997,106100.70000000001,126067.99999999999,-19967.299999999974,30625.0,25.0,152.70000000000002,8695.4,5.4,52414.399999999994,145604.2,178482.39999999997,167692.89999999997,-22088.699999999953,-32878.19999999995,10029.2,57263.8,21393.100000000002,0.0,432.6,22146.1,35647.8,4333.9,6896.0,432.6
2015-07-01,108621.70000000001,61479.5,40613.200000000004,1840.2999999999997,566.7,0.0,8700.0,916.3,4103.2,18.799999999999994,0.0,94736.30000000002,17959.9,5026.700000000001,0.19999999999999996,437.69999999999993,403.1,852.4,840.8,0.10000000000000009,40884.8,5.3999999999999995,22448.9,1941.3,5334.599999999999,214.90000000000086,76.1,2.6,0.0,13885.399999999994,42.0,10655.699999999999,2597.3999999999996,5754.900000000001,2259.0000000000005,0.0,44.400000000000006,108663.70000000001,105392.00000000001,3271.699999999997,15004.699999999999,35.2,236.2,6683.799999999999,104.2,34093.9,130727.80000000002,139485.90000000002,138645.1,-7917.299999999988,-8758.100000000006,8403.5,48292.3,6847.0,0.0,343.9,22953.999999999996,30057.2,6735.5,3801.9,343.9
2015-08-01,90936.40000000001,58306.9,28813.2,1929.7,347.3,0.0,8900.0,1923.8,1526.8999999999996,12.400000000000002,0.0,89007.1,13034.1,4332.6,0.09999999999999998,1917.6000000000001,378.0,1929.3,2295.6,0.0,40454.5,1.2999999999999998,22788.1,2058.6,3769.2999999999997,187.1000000000003,82.6,3.2,0.0,1929.300000000003,21.799999999999997,11194.1,2811.7,5917.599999999999,1394.2000000000003,0.0,1070.6,90958.20000000001,100201.20000000001,-9243.0,13528.6,102.1,22.000000000000004,6935.799999999999,17.6,31398.6,111564.30000000002,131599.80000000002,129304.20000000001,-17739.899999999994,-20035.5,16415.6,21527.3,14685.9,0.0,406.99999999999994,10518.099999999999,21473.9,2837.5,6658.299999999999,407.0
2015-09-01,92844.6,56694.2,30389.9,1929.6999999999998,453.70000000000005,0.0,8900.0,5411.2,3332.0999999999995,45.00000000000001,0.0,98527.40000000001,14323.0,5371.400000000001,0.09999999999999998,4656.4,3311.6,4990.1,7968.0,1.2000000000000002,46401.5,0.7999999999999999,18044.3,1940.2,4060.1000000000004,317.60000000000036,97.89999999999999,1.3,0.0,-5682.800000000003,77.39999999999999,11331.199999999999,3442.5,6185.5,814.7999999999998,0.0,888.4,92922.0,109858.6,-16936.600000000006,13937.2,44.4,201.89999999999998,7287.9,526.9,34331.1,114920.3,144189.7,136221.7,-21301.40000000001,-29269.40000000001,8767.9,30344.0,99228.4,2383.0,478.2,95361.8,18109.8,3827.5,3475.9,478.2
2015-10-01,94268.29999999999,58776.2,30852.899999999998,2795.8,351.2,0.0,9000.0,1542.2,1453.6999999999998,38.5,0.0,100601.7,14164.8,5415.3,0.0,393.1,4695.2,1094.6000000000001,5088.3,0.10000000000000009,45212.799999999996,0.30000000000000004,23264.8,2599.1,4389.5,389.70000000000016,75.2,1.8,0.0,-6333.400000000009,0.6,9366.1,2871.3,5803.900000000001,626.4999999999997,0.0,64.4,94268.9,109967.8,-15698.900000000009,13946.3,94.0,40.5,7116.699999999999,278.6,32489.0,115745.0,142456.8,137368.49999999997,-21623.49999999997,-26711.79999999999,64826.5,24647.2,26077.8,0.0,1565.2,13860.0,18279.5,56055.700000000004,10092.1,1565.2
2015-11-01,87408.80000000002,55045.8,28522.8,1451.6,426.79999999999995,0.0,17624.0,4141.3,1909.6000000000008,52.2,0.0,97465.1,14429.2,6133.2,0.1,275.2,4547.0,4076.3,4822.2,0.4,45250.700000000004,0.6,19842.6,2598.6,4145.900000000001,147.59999999999985,92.80000000000001,1.2,0.0,-10056.299999999988,61.699999999999996,9335.1,2647.2,4609.400000000001,879.4000000000001,0.0,1199.1000000000001,87470.50000000001,106800.20000000001,-19329.699999999997,22371.0,1.7999999999999972,105.5,7515.2,183.7,37896.9,117647.70000000001,144697.1,139874.9,-22227.199999999983,-27049.399999999994,21992.2,100846.9,18667.7,0.0,1891.1000000000001,57209.5,67654.3,1474.0,5808.6,1891.1
2015-12-01,103668.4,56521.899999999994,41049.4,2445.2999999999997,414.5,0.0,0.0,8621.1,853.9999999999995,2383.2999999999997,0.0,147096.6,21749.1,5184.8,0.10000000000000009,5037.5,11024.099999999999,8628.9,16061.599999999999,0.39999999999999997,73484.90000000001,6.5,18139.600000000002,5482.5,5642.7,1265.0000000000002,76.10000000000001,3.3,0.0,-43428.20000000001,24.5,5646.599999999999,1726.7999999999997,2876.0999999999995,955.9999999999999,0.0,87.7,103692.9,152743.2,-49050.30000000002,37530.4,39.3,183.79999999999998,7519.399999999999,39.6,54929.4,149005.4,207672.6,191611.0,-42605.600000000006,-58667.20000000001,61988.4,131568.5,19831.1,0.0,156.5,22960.1,112766.6,3085.5,15900.800000000001,156.5
2016-01-01,109623.40000000001,62010.8,44116.9,1700.8000000000002,213.5,0.0,0.0,890.7,1551.8000000000002,29.6,0.0,92202.79999999999,15422.699999999999,3627.1,0.0,2056.6,834.9,207.2,2891.5,0.10000000000000009,52205.0,6.8,11842.199999999999,1653.0,4411.4,129.20000000000016,10.5,3.3,0.0,17420.60000000002,2.8,12989.5,1542.8,4040.4,7406.3,0.0,0.0,109626.20000000001,105192.29999999999,4433.900000000023,5419.1,2.0,0.8,10749.8,0.0,24700.0,125797.90000000001,129892.29999999999,127000.79999999999,-1202.8999999999796,-4094.3999999999796,30461.4,2000.0,1417.6,0.0,36.4,21054.3,4661.8,1499.1000000000001,3252.9,36.400000000000006
2016-02-01,90365.2,55259.799999999996,32225.7,1443.5,424.4,0.0,0.0,3859.8,980.9,30.9,0.0,90015.6,14752.3,4049.2,0.0,3050.0,797.7,3186.5,3847.7,0.1,44952.9,0.7,16631.6,1428.0,4187.1,124.30000000000013,38.7,3.0,0.0,349.59999999999127,5.099999999999998,6840.8,2413.3,4101.0,300.60000000000036,0.0,25.9,90370.3,96856.40000000001,-6486.100000000006,17358.100000000002,87.80000000000001,0.0,6620.799999999999,268.3,34375.0,114705.3,131231.40000000002,127383.70000000003,-12678.400000000023,-16526.10000000002,2375.1000000000004,37610.6,1687.5,8054.1,294.1,13007.8,15226.8,2961.9,2678.0,294.1
2016-03-01,98643.0,58532.4,32941.0,2228.7000000000003,365.80000000000007,0.0,30000.0,6628.6,2087.9999999999986,2487.1000000000004,0.0,117200.20000000001,15169.8,4096.3,0.19999999999999996,6393.6,5380.3,5978.6,11773.900000000001,0.10000000000000009,53302.8,1.5,24138.6,4104.700000000001,4323.799999999999,192.90000000000023,91.30000000000001,4.3,0.0,-18557.20000000001,11.899999999999999,9370.000000000002,2894.6000000000004,4768.6,1089.3000000000004,0.0,617.5,98654.9,126570.20000000001,-27915.300000000017,30766.699999999997,5.0,153.5,8452.0,708.3,54902.200000000004,138740.4,181472.40000000002,169698.50000000003,-30958.100000000035,-42732.00000000003,3555.8,72830.9,2302.4,6837.4,257.1,10946.300000000001,40426.1,3136.4,18935.7,257.1
2016-04-01,107525.4,65657.40000000001,37281.2,1764.4,420.2,0.0,0.0,2121.7,2319.7,82.5,0.0,106189.9,14001.3,3935.7000000000003,0.0,2460.6,3674.6,1457.4,6135.2,0.10000000000000009,53963.399999999994,1.0,20584.3,2730.2,4627.7,73.50000000000027,127.7,9.8,0.0,1335.5,2.0000000000000013,9208.400000000001,3004.0999999999995,5760.400000000001,441.19999999999993,0.0,2.7000000000000037,107527.4,115398.29999999999,-7870.899999999994,23553.4,26.8,16.9,8027.200000000001,66.6,41503.8,139218.3,156902.09999999998,150766.89999999997,-11548.599999999977,-17683.79999999999,1589.6,29350.0,109912.8,6661.4,501.0,98073.0,16095.599999999999,11400.4,4925.3,501.0
2016-05-01,124765.29999999999,81826.7,36870.0,2204.7,381.4,0.0,0.0,6390.0,2675.100000000001,807.4,0.0,127309.79999999997,14829.1,5061.200000000001,0.0,6477.1,5491.299999999999,6476.8,11968.399999999998,0.30000000000000004,55984.799999999996,1.2,31058.5,2914.2000000000003,4874.4,469.1999999999998,147.0,1.5,0.0,-2544.4999999999854,22.699999999999996,11998.2,3975.3000000000006,6313.5,687.9000000000002,0.0,1021.5,124787.99999999999,139307.99999999997,-14519.999999999985,25753.5,0.0,60.3,9074.2,60.9,47225.8,159736.9,186533.8,174565.4,-14828.5,-26796.899999999994,68350.7,37419.9,16046.7,0.0,711.8,18314.9,35570.0,23797.100000000002,17251.6,711.8
2016-06-01,116267.90000000001,73683.70000000001,37247.4,2772.5000000000005,455.80000000000007,0.0,15000.0,10105.5,1560.7999999999993,547.7,0.0,165188.5,15401.5,5188.900000000001,0.4,17350.5,11181.4,10217.1,28531.9,0.6000000000000001,78450.7,1.2999999999999998,29531.4,3109.2,4671.4,242.2999999999999,52.800000000000004,6.1,0.0,-48920.59999999999,2.899999999999996,10563.6,2778.7000000000003,4225.3,563.4999999999998,0.0,2996.1,116270.8,175752.1,-59481.3,43878.3,311.1,391.7,11180.4,118.1,70126.5,172150.4,245878.6,217346.7,-45196.30000000002,-73728.20000000001,30341.6,49584.4,42771.2,24097.3,558.4,25591.200000000004,50144.5,5324.3,6894.7,558.4
2016-07-01,128515.5,70518.3,51660.5,2589.9,523.5,0.0,0.0,2125.0,2409.2,814.1,0.0,136423.6,23680.3,5250.1,1.4000000000000001,1867.5,1303.0,2058.5,3170.5,0.9,55171.2,1.9,31475.1,9948.6,7403.400000000001,226.7000000000001,88.69999999999999,4.8,0.0,-7908.100000000006,0.7999999999999993,8519.900000000001,2833.7000000000003,5188.1,419.89999999999975,0.0,78.20000000000002,128516.3,144943.5,-16427.199999999997,15888.7,40.3,1.0,8374.1,118.1,38573.00000000001,152938.5,183516.5,180346.0,-27407.5,-30578.0,10263.3,44369.9,65341.7,0.0,378.6,29232.800000000003,40270.600000000006,15392.4,4567.6,378.6
2016-08-01,114991.69999999998,67145.8,40425.6,2824.2,532.4,0.0,37500.0,3853.1,3478.7000000000025,585.0,0.0,122459.9,19183.1,4982.1,0.0,908.9000000000005,2403.6,3957.2,3312.5000000000005,0.30000000000000004,56113.0,1.6,27942.2,5210.400000000001,5202.599999999999,296.7,210.9,4.5,0.0,-7468.200000000012,12.5,16034.7,3728.2999999999997,4888.9,1788.2000000000003,0.0,5629.3,115004.19999999998,138494.6,-23490.400000000023,23818.3,3.700000000000003,0.0,8853.800000000001,264.4,46236.8,147944.4,184731.40000000002,181418.90000000002,-33474.50000000003,-36787.00000000003,18918.1,27524.1,30169.0,0.0,519.0,14456.7,30146.7,12536.4,20080.300000000003,519.0
2016-09-01,117890.79999999999,69941.4,40098.4,3011.3,594.1,0.0,27116.9,6070.2,3192.2999999999984,1053.3000000000002,0.0,145331.30000000002,19577.399999999998,5139.0,0.0,6017.999999999999,5913.1,6113.3,11931.099999999999,0.30000000000000004,62856.299999999996,1.5,35662.6,5264.5,4569.7,256.5,70.5,1.9,0.0,-27440.50000000003,11.0,10334.0,3302.5999999999995,5247.200000000001,246.70000000000005,0.0,1537.4999999999998,117901.79999999999,155665.30000000002,-37763.50000000003,29918.600000000002,116.9,356.29999999999995,9634.9,500.0,51396.8,158428.5,207062.10000000003,195131.00000000003,-36702.50000000003,-48633.600000000035,3731.2,51428.7,33674.0,19469.6,374.3,13692.2,39320.799999999996,30297.0,3433.7,374.3
2016-10-01,115391.1,68994.1,40281.3,3183.5,580.8000000000001,0.0,0.0,1632.8,1653.4,698.0,0.0,159067.0,19753.9,9858.6,1.1,2391.2,13194.0,1626.7,15585.2,0.10000000000000009,63993.5,3.1000000000000005,38790.4,5504.799999999999,5249.500000000001,233.10000000000002,92.2,1.5,0.0,-43675.899999999994,11.3,18891.7,3576.100000000001,6596.7,2116.2,0.0,6602.7,115402.40000000001,177958.7,-62556.3,35774.3,124.5,1.5,9807.0,183.1,59896.100000000006,161292.80000000002,237854.80000000002,222269.6,-60976.79999999999,-76562.0,10527.6,168309.5,66776.9,0.0,1379.7,115935.1,22264.9,24688.7,6169.4,1379.6999999999998
2016-11-01,132502.1,80886.70000000001,45540.6,3251.8,450.4,0.0,0.0,5622.3,1204.6999999999998,1167.9,0.0,136037.40000000002,19764.0,6925.400000000001,0.10000000000000009,4071.0,2436.2000000000007,5637.4,6507.200000000001,1.2,66852.0,0.5999999999999999,23982.6,6172.599999999999,5055.5,601.7,171.0,3.5,0.0,-3535.3000000000175,125.80000000000001,7714.5,3238.5,3680.0,684.8999999999999,0.0,111.1,132627.9,143751.90000000002,-11124.00000000003,39099.8,25.799999999999997,2.8999999999999986,12264.099999999999,324.8,60734.90000000001,184345.3,204486.80000000005,197979.60000000003,-13634.300000000047,-20141.50000000006,78590.09999999999,72131.1,50378.200000000004,0.0,2396.4,39950.2,59166.5,43245.200000000004,38580.90000000001,2396.4
2016-12-01,217023.90000000002,164028.4,45962.1,3055.4999999999995,620.6999999999999,0.0,0.0,3667.2,2642.7000000000007,714.4999999999999,0.0,264340.10000000003,29210.0,6695.200000000001,0.40000000000000013,9560.4,15472.5,3278.4,25032.9,0.20000000000000018,90871.2,7.5,78284.5,25450.4,7925.2,564.2000000000006,288.2,10.2,0.0,-47316.20000000001,12.499999999999998,16135.499999999998,6495.400000000001,7537.4,1591.4,0.0,511.3,217036.40000000002,280475.60000000003,-63439.20000000001,61825.4,170.90000000000003,183.5,9826.100000000002,211.6,93696.70000000001,289253.9,374172.30000000005,349139.4,-59885.5,-84918.40000000002,116518.79999999999,247732.4,91272.59999999999,3605.6,1587.5,191506.49999999997,152222.6,25978.9,4891.8,1587.5
2017-01-01,153623.1,87888.6,58356.899999999994,2647.5,586.2,0.0,0.0,5817.0,3199.4,944.5,0.0,138528.3,21386.7,6872.9,0.6,,,5341.2,9114.6,0.0,71141.8,20.199999999999996,18778.1,4994.8,5873.599999999999,104.60000000000048,240.4,0.0,0.0,15094.800000000017,1.2999999999999998,12661.099999999999,4022.0,8249.9,367.1999999999997,0.0,22.0,153624.4,151189.4,2435.0,18010.899999999998,64.99999999999991,93.6,10946.8,0.0,38591.1,182740.69999999998,189780.5,180665.9,2074.7999999999884,-7039.8000000000175,18787.399999999998,39220.5,166712.6,0.0,841.2,160101.2,7976.0,45850.700000000004,4228.6,841.2
2017-02-01,120632.00000000001,63912.9,44790.9,3247.2999999999997,319.8,0.0,0.0,1608.7,7480.400000000001,880.7,0.0,128230.79999999999,19017.3,3927.7,0.1,,,1668.5,3210.7000000000003,0.1,67530.3,2.0,21744.800000000003,5683.4,6751.1,229.89999999999964,129.5,3.9,0.0,-7598.799999999974,44.0,11516.999999999998,5216.599999999999,4385.2,544.2999999999997,0.0,1370.9,120676.00000000001,139747.8,-19071.799999999974,29796.0,5.899999999999999,92.9,10040.4,625.5,51663.0,161236.7,191410.8,188200.09999999998,-26963.399999999965,-30174.099999999977,28653.4,92707.0,31375.9,26968.8,484.9,63331.5,32321.699999999997,50062.5,3755.5,484.9
2017-03-01,146102.9,89191.9,47446.0,2716.3,605.7,0.0,0.0,12725.8,5275.5,867.5,0.0,156072.4,18959.600000000002,5475.599999999999,0.1,,,11593.0,16655.500000000004,0.0,74419.8,2.9,27677.5,6143.0,6297.9,342.80000000000047,94.5,3.2,0.0,-9969.5,3.1,14096.099999999999,5073.8,7009.5,615.9000000000003,0.0,1396.9,146106.0,170168.5,-24062.5,35749.1,23.7,274.1,11074.699999999999,136.8,58222.799999999996,193364.4,228391.3,211735.8,-18371.399999999994,-35026.899999999994,63477.4,113532.3,82799.90000000001,0.0,467.0,49614.8,104133.0,50102.7,22064.999999999996,467.0
2017-04-01,144242.5,87391.9,48750.600000000006,4277.999999999999,490.9,0.0,0.0,1276.2,2691.6,639.5,0.0,167080.0,19810.4,5752.899999999999,0.8,,,444.3,30313.3,1.4000000000000001,72743.5,3.7,27019.699999999997,4604.0,6518.5,251.20000000000016,60.6,0.0,0.0,-22837.5,1.5,15110.500000000002,3264.6000000000004,9017.1,1211.6,0.0,1617.2,144244.0,182190.5,-37946.5,33523.0,6.300000000000001,2.8000000000000003,10484.5,273.9,57702.8,188534.5,239893.3,209580.0,-21045.5,-51358.79999999999,101867.3,57753.2,117883.4,0.0,752.8,23792.9,16562.5,170268.7,16352.9,752.8
2017-05-01,140329.19999999998,83294.1,49581.2,3747.7,499.4,0.0,0.0,4839.6,3151.2999999999997,55.5,0.0,158266.89999999997,19619.1,6484.6,0.0,,,4293.8,16768.4,0.0,78192.7,6.5,25216.799999999996,4771.5,6478.6,448.9000000000009,279.79999999999995,0.0,0.0,-17937.699999999983,2.1000000000000014,14610.2,4745.700000000001,8109.700000000001,518.1999999999995,0.0,1236.6000000000001,140331.3,172877.09999999998,-32545.79999999999,32060.8,100.1,146.1,11950.2,0.0,59826.09999999999,184588.5,232703.19999999995,215934.79999999996,-31346.29999999996,-48114.69999999995,25806.7,65195.4,75660.2,27643.0,880.8,33080.4,55164.0,53110.4,5381.6,880.8
2017-06-01,144848.59999999998,91284.7,46824.2,3907.5000000000005,463.40000000000003,0.0,0.0,9610.2,2313.3999999999996,55.4,0.0,212904.1,20439.5,8640.8,0.0,,,8959.0,34020.7,0.5,108382.0,1.4,29632.800000000003,5087.3,5838.200000000001,728.3999999999999,123.3,9.2,0.0,-68055.50000000003,50.699999999999996,10822.000000000002,4884.0,5001.700000000001,893.1000000000001,0.0,43.2,144899.3,223726.1,-78826.80000000002,58757.0,10.100000000000001,329.1,14964.699999999999,0.0,87927.00000000001,218960.19999999998,311653.10000000003,277632.4,-58672.20000000004,-92692.90000000005,35890.5,176656.5,96705.90000000001,0.0,279.1,74497.90000000001,61953.6,70010.59999999999,10749.099999999999,279.1
2017-07-01,164606.3,89510.79999999999,67147.70000000001,3388.0,567.5,0.0,6500.0,2990.8,3961.5999999999995,30.7,0.0,168956.19999999998,29608.899999999998,6650.6,0.10000000000000003,,,1885.9,10573.299999999997,4.4,80352.2,1.5,26557.9,5994.099999999999,8830.9,203.2,176.3,2.8,0.0,-4349.899999999994,2.8999999999999995,15868.5,5015.6,9106.4,455.9000000000002,0.0,1290.6,164609.19999999998,184824.69999999998,-20215.5,21235.0,10.3,0.0,10908.0,100.0,47655.2,196862.49999999997,232479.89999999997,221906.59999999998,-25044.100000000006,-35617.399999999994,18760.3,21901.8,57105.5,13521.6,919.9000000000001,15906.699999999999,28946.3,33687.8,4735.9,919.9
2017-08-01,151103.3,90639.00000000001,50658.99999999999,3739.7999999999997,414.9,0.0,0.0,2927.5,5610.0,40.6,0.0,153316.59999999998,22409.5,7091.9,1.0999999999999999,,,2137.0,6475.6,2.7,78251.1,6.5,25582.699999999997,5720.900000000001,7158.7,389.29999999999995,226.6,0.0,0.0,-2213.2999999999884,9.0,14990.599999999999,4824.799999999999,7896.5,974.0000000000006,0.0,1295.3,151112.3,168307.19999999998,-17194.899999999994,30302.899999999998,8.7,1.0,11822.0,395.0,57381.0,193641.9,225688.19999999998,219212.59999999998,-25570.699999999983,-32046.29999999999,52685.700000000004,37203.8,48129.7,0.0,262.1,42039.7,8840.9,41292.2,14590.6,262.1
2017-09-01,148424.19999999998,90649.5,51661.4,3123.0,406.9,0.0,13500.0,12544.099999999999,2476.5,106.9,0.0,174174.3,22766.1,7247.2,0.0,,,11817.3,19288.5,7.5,86405.99999999999,6.9,25100.3,5704.1,6875.2,595.1999999999998,177.3,0.0,0.0,-25750.100000000006,7.3,13202.6,5348.2,6460.5,238.30000000000004,0.0,1155.6000000000001,148431.49999999997,187376.9,-38945.40000000002,36184.799999999996,76.30000000000001,549.7,11863.8,686.7,62600.69999999999,197792.79999999996,249977.59999999998,230689.09999999998,-32896.30000000002,-52184.80000000002,108231.6,30413.8,64308.5,3918.5,414.8,48400.200000000004,30244.7,84743.0,5526.5,414.8
2017-10-01,150296.5,87163.3,54270.6,4308.7,367.99999999999994,0.0,13500.0,5397.599999999999,4095.0000000000005,90.9,0.0,188172.0,22992.600000000002,6472.6,2.3,,,4892.5,29383.6,0.8,89890.70000000001,4.1,26651.699999999997,5507.0,6842.299999999999,327.3000000000006,96.99999999999999,0.0,0.0,-37875.5,226.49999999999997,12420.8,3273.4,5396.6,1117.4999999999998,0.0,2633.3,150523.0,200592.8,-50069.79999999999,38375.0,20.5,112.6,12399.6,0.0,63497.6,201430.7,264090.39999999997,234706.79999999996,-33276.09999999995,-62659.69999999995,51448.4,19979.8,58389.1,0.0,1211.4,22908.399999999998,25835.6,28381.9,4036.7999999999997,1211.3999999999999
2017-11-01,153611.4,90083.2,53696.7,3557.5,470.90000000000003,0.0,13500.0,13155.4,5150.899999999999,652.2,0.0,180063.99999999997,23771.3,9118.0,0.0,,,12489.4,16088.199999999997,0.4,90076.9,9.4,26893.299999999996,6365.700000000001,6889.4,586.9000000000007,264.5,0.0,0.0,-26452.599999999977,76.4,7864.9,2791.0,4755.599999999999,309.70000000000005,0.0,8.6,153687.8,187928.89999999997,-34241.09999999998,40118.700000000004,528.2,41.60000000000001,12809.9,0.0,66269.1,207186.19999999998,254197.99999999997,238109.8,-30923.600000000006,-47011.79999999999,13398.599999999999,92836.9,100231.9,0.0,11783.6,41704.9,71794.8,45928.7,14193.2,11783.599999999999
2017-12-01,170034.0,93218.1,55614.5,5120.6,656.9,0.0,13000.0,9941.8,13215.099999999999,2208.8,0.0,290412.10000000003,32350.2,7962.099999999999,0.0,,,9883.5,30447.600000000002,0.5,125153.80000000002,5.4,60959.100000000006,21977.399999999998,10348.7,694.1000000000006,510.29999999999995,2.9,0.0,-120378.10000000003,38.5,13017.199999999999,5359.4,6320.7,644.7000000000002,0.0,692.4,170072.5,303429.30000000005,-133356.80000000005,75918.6,234.3,518.5999999999999,13699.7,432.0,108775.6,260875.7,412204.9,381757.30000000005,-120881.60000000003,-151329.2,132498.3,377721.1,67584.8,212.5,972.0,154868.80000000002,200206.5,48571.0,36099.5,972.0
2018-01-01,181419.1,95841.5,74868.4,3764.6000000000004,444.70000000000005,0.0,0.0,8844.4,6471.7,28.200000000000003,0.0,190322.70000000004,26389.1,7920.400000000001,0.0,,,8522.8,29775.600000000002,0.1,92237.5,10.5,19074.2,6989.700000000001,7353.8,331.0000000000003,232.1,8.7,0.0,-8903.600000000035,8.8,6239.800000000001,3875.2,1977.9,378.5999999999999,0.0,8.1,181427.9,196562.50000000003,-15134.600000000035,15777.0,191.7,0.0,11822.9,0.0,39127.7,209219.5,235690.2,205914.6,3304.899999999994,-26470.70000000001,35593.2,69540.3,202385.9,0.0,1574.8,207129.2,36872.0,29137.8,8231.3,1574.8
2018-02-01,154721.19999999998,85120.4,57892.6,3712.4000000000005,449.8,0.0,0.0,3059.8000000000006,7541.8,4.2,0.0,160616.8,23899.199999999997,5555.7,0.1,,,2538.0000000000005,7467.999999999998,3.9999999999999996,89475.8,4.6,20054.5,5428.5,8258.599999999999,80.80000000000064,384.59999999999997,2.4,0.0,-5895.600000000006,2.799999999999994,10443.499999999998,3977.2,3343.1000000000004,2693.2999999999993,0.0,429.9,154723.99999999997,171060.3,-16336.300000000017,22200.300000000003,154.3,127.6,9568.3,2300.0,45371.6,189074.49999999997,216431.9,208963.9,-19889.400000000023,-27357.400000000023,131488.9,87981.0,52119.59999999999,21855.9,597.2,184710.69999999998,31378.3,47011.8,3509.0,597.2
2018-03-01,177877.19999999995,88384.8,60124.0,4039.7999999999997,546.3,0.0,0.0,14306.800000000001,24666.199999999997,116.10000000000001,0.0,189998.30000000002,22530.000000000004,6050.5,0.1,,,14234.900000000001,23055.4,0.8,95051.8,4.6000000000000005,31046.2,3775.4,8195.5,122.19999999999982,159.3,6.5,0.0,-12121.100000000064,7.6000000000000005,11914.3,3989.9,6427.4,152.3000000000001,0.0,1344.7,177884.79999999996,201912.6,-24027.800000000047,45057.3,174.5,204.3,8506.9,949.7,68229.1,232777.49999999997,270141.7,247086.30000000002,-14308.800000000047,-37364.20000000004,280226.1,164163.9,25912.6,0.0,667.0,232599.6,145119.0,53248.5,2043.1999999999998,667.0
2018-04-01,173080.80000000002,92377.3,61604.8,4737.0,314.0,0.0,0.0,3973.4,13967.0,80.7,0.0,194808.80000000002,22970.800000000003,5441.5,0.1,,,3627.8,33011.399999999994,0.0,93973.0,5.7,25986.5,5059.299999999999,7980.5,269.2,109.69999999999999,1.1,0.0,-21728.0,4.7,9321.300000000001,3151.2000000000007,3849.3,2180.1,0.0,140.7,173085.50000000003,204130.1,-31044.599999999977,31461.899999999998,370.2,3.5,10111.0,207.8,54750.399999999994,215239.90000000002,258880.5,225869.1,-10629.199999999983,-43640.59999999998,201336.8,91073.1,56869.200000000004,0.0,939.7,204352.0,31270.1,59467.6,10894.4,939.7
2018-05-01,187981.19999999998,114721.79999999999,60275.8,3880.7000000000003,501.5,0.0,0.0,8169.5,8482.0,119.4,0.0,191523.89999999997,23659.399999999998,6435.900000000001,0.1,,,7649.6,19453.699999999997,0.2,97347.7,3.3000000000000003,32958.8,3389.5,7828.8,294.10000000000036,148.79999999999998,3.6,0.0,-3542.6999999999825,1014.9999999999999,12390.5,4434.3,3710.0,1723.6000000000001,0.0,2522.6,188996.19999999998,203914.39999999997,-14918.199999999983,24923.0,294.4,136.5,10994.2,869.0,51317.0,226213.3,255231.39999999997,235777.69999999995,-9564.399999999965,-29018.099999999977,117061.3,94226.0,27335.3,0.0,374.8,77967.6,35135.899999999994,81887.3,15133.6,374.8
2018-06-01,199258.79999999996,125370.1,61183.799999999996,4756.299999999999,454.30000000000007,0.0,0.0,12463.6,7431.0,63.3,0.0,260247.20000000004,23757.2,9187.3,0.1,,,12611.2,32128.4,0.1,142106.6,5.8999999999999995,40035.3,4829.6,7607.6,374.80000000000035,212.1,2.2,0.0,-60988.40000000008,2.1,6656.600000000001,1939.3,2995.1000000000004,496.4000000000002,0.0,1225.8,199260.89999999997,266903.80000000005,-67642.90000000008,63662.5,440.0,111.0,11084.3,0.0,99039.3,274558.69999999995,365943.10000000003,333814.7,-59256.00000000006,-91384.40000000008,48661.5,130329.3,303460.4,0.0,2350.0,234133.0,70410.0,84249.8,2126.4,2350.0
2018-07-01,201970.2,105654.7,79940.0,4137.7,592.3,0.0,0.0,12374.9,11579.8,65.7,0.0,245936.59999999998,34741.3,6915.0,0.0,,,11336.9,48065.299999999996,2.9,102527.79999999999,3.3000000000000003,35341.8,6057.0,12049.6,181.99999999999963,49.1,1.5,0.0,-43966.399999999965,4427.7,9273.3,3839.3999999999996,3543.4,1400.6000000000001,0.0,489.9,206397.90000000002,255209.89999999997,-48811.99999999994,19648.5,55.2,82.9,14286.399999999998,1450.0,50982.5,241920.90000000002,306192.39999999997,258127.09999999998,-16206.199999999953,-64271.49999999994,248708.0,66955.0,74399.1,20057.2,524.4,254862.1,34729.4,53911.899999999994,3382.3999999999996,524.4000000000001
2018-08-01,199119.19999999998,115915.09999999999,61916.3,4530.799999999999,616.9,0.0,0.0,2257.8999999999996,15884.2,255.9,0.0,183187.69999999998,24926.399999999998,7749.599999999999,0.3,,,1440.9999999999998,3779.5,19.200000000000003,98617.5,5.8999999999999995,31988.9,7311.1,8495.0,188.3999999999989,92.89999999999999,13.0,0.0,15931.5,767.5000000000001,11850.8,4826.0,4409.8,1472.9,0.0,1142.1,199886.69999999998,195038.49999999997,4848.200000000012,33550.0,467.5,15.3,11358.2,1620.0,68714.40000000001,246897.69999999998,263752.89999999997,259973.39999999997,-13075.699999999983,-16855.199999999983,115125.0,60778.0,71203.40000000001,0.0,694.6,99296.4,26892.0,79371.4,25508.300000000003,694.6
2018-09-01,201778.8,122999.5,62862.5,3926.9000000000005,708.3,0.0,0.0,20230.5,11005.1,276.5,0.0,228433.00000000003,26331.000000000004,8840.1,0.1,,,19630.4,32602.900000000005,2.1,103261.2,6.7,42246.59999999999,6250.999999999999,8311.5,343.0000000000006,224.70000000000002,12.1,0.0,-26654.20000000004,641.0999999999999,14587.8,3825.4,5421.299999999999,1860.3,0.0,3480.8,202419.9,243020.80000000002,-40600.90000000002,44013.9,808.4000000000001,17.599999999999998,11358.7,2627.7,77049.0,261246.2,320069.80000000005,287466.9,-26220.70000000001,-58823.600000000035,116861.40000000001,160778.9,73661.9,0.0,1301.8,59250.3,128602.8,98991.8,6233.8,1301.8
2018-10-01,217925.9,131356.7,66380.3,5417.599999999999,640.0,0.0,0.0,10267.0,13932.400000000001,198.90000000000018,0.0,266089.5,27716.899999999998,11773.8,0.8999999999999999,,,9297.0,61416.3,0.2,108328.59999999999,6.1,40469.7,7195.999999999999,8534.7,311.5999999999997,307.20000000000005,27.5,0.0,-48163.600000000006,2249.2999999999997,15727.1,6020.5,6058.9,2254.5,0.0,1393.2,220175.19999999998,281816.6,-61641.399999999994,37520.1,281.5,11.4,11737.9,7914.2,69541.9,277640.3,351358.5,289942.2,-12301.900000000023,-73718.20000000001,15110.3,193426.6,214019.4,18593.1,8282.300000000001,228500.19999999998,59036.9,76946.29999999999,3917.7999999999997,8282.3
2018-11-01,209113.50000000003,123660.2,66603.8,4165.700000000001,546.2,0.0,0.0,7023.1,13962.399999999998,175.19999999999996,0.0,256237.7,29398.2,10198.800000000001,0.0,,,6560.7,38886.700000000004,7.9,109226.7,4.8999999999999995,45941.4,10492.2,10239.1,1757.1000000000001,76.5,8.2,0.0,-47124.19999999998,53.69999999999991,13352.8,4467.9,5977.6,1534.9999999999998,0.0,1372.3,209167.20000000004,269590.5,-60423.29999999996,33779.9,1902.6,18.200000000000003,12911.400000000001,1532.6999999999998,65321.0,259312.00000000003,334911.5,296024.8,-36712.79999999996,-75599.49999999997,139634.9,230164.6,142084.9,0.0,4517.7,57805.5,163467.9,192014.19999999998,23459.7,4517.7
2018-12-01,219508.50000000003,128769.20000000001,66815.1,7391.500000000001,947.1,0.0,0.0,19111.6,15361.599999999999,224.00000000000003,0.0,360149.8,44124.0,16445.600000000002,0.5,,,18523.899999999998,57304.49999999999,0.1,159524.1,5.1,54995.5,12382.3,13841.9,933.2999999999989,568.3,24.6,0.0,-140641.29999999996,160.99999999999983,21430.2,11386.400000000001,6373.699999999999,2683.7000000000003,0.0,986.4000000000001,219669.50000000003,381580.0,-161910.49999999997,108700.7,626.9,50.5,12280.900000000001,4699.900000000001,153853.7,346028.4,535433.7,478129.19999999995,-132100.79999999993,-189405.29999999993,403319.9,180829.4,442506.30000000005,38301.0,366.8,498851.80000000005,236922.5,134386.6,5978.099999999999,366.8
2019-01-01,252499.5,135043.6,96793.2,9417.199999999999,514.4,0.0,0.0,14849.0,10701.1,30.0,0.0,286316.7,31121.399999999998,8235.1,0.0,,,14044.1,76535.1,0.20000000000000018,122202.09999999999,20.1,26222.7,11948.199999999997,7902.3,2000.5999999999995,94.0,34.9,0.0,-33817.20000000001,89.79999999999995,12789.2,6093.1,4051.7000000000003,940.8,0.0,1703.6,252589.3,299105.9,-46516.600000000035,14103.699999999999,1049.8,458.5,17485.5,911.4,49036.100000000006,286598.2,348142.0,271606.9,14991.299999999988,-61543.79999999999,186845.7,93675.9,107371.2,37734.0,380.0,161173.09999999998,116326.0,84964.4,2424.3999999999996,380.0
2019-02-01,230054.40000000002,125654.90000000001,76669.8,7019.7,616.0999999999999,0.0,0.0,3454.6000000000004,19807.4,286.5,0.0,213106.8,28528.300000000003,8102.6,0.10000000000000009,,,2621.1,11504.0,0.09999999999999964,114002.7,4.6,29811.9,9799.9,9376.199999999999,1878.6000000000006,83.0,14.8,0.0,16947.600000000035,101.0999999999999,10944.0,5382.799999999999,2806.2000000000003,1550.2,0.0,1204.8,230155.50000000003,224050.8,6104.700000000041,29251.2,108.5,284.40000000000003,12160.099999999999,1766.1,54396.100000000006,273725.80000000005,278446.9,266942.9,6782.900000000023,-4721.099999999977,185790.8,180576.2,88610.90000000001,42440.3,318.0,171076.0,229459.80000000002,89300.5,3694.3,318.0
2019-03-01,236680.6,129664.8,75765.5,7447.699999999999,511.0,0.0,0.0,20376.6,23052.8,238.79999999999998,0.0,260252.30000000005,29415.999999999996,8265.3,0.7,,,19975.299999999996,36519.00000000001,4.5,125492.1,9.1,44776.2,5149.599999999999,9899.099999999999,224.79999999999984,491.7,4.2,0.0,-23571.70000000004,31.499999999999638,12719.5,5982.4,3228.2000000000003,2489.1,0.0,1019.8,236712.1,272971.80000000005,-36259.70000000004,48107.799999999996,300.1,227.1,11117.300000000001,2524.2000000000003,77566.59999999999,298988.6,350538.4,314019.4,-15030.800000000047,-51549.80000000005,186516.4,210927.7,72404.8,18091.1,1006.0,50657.5,169838.5,174217.4,42078.1,1006.0
